month,name
January,James
January,John
January,Robert
January,Michael
January,William
January,David
January,Joseph
February,Mary
February,Patricia
February,Linda
February,Barbara
February,Elizabeth
February,Jennifer
February,Susan
March,Michael
March,William
March,David
March,Richard
March,Joseph
March,Thomas
March,Christopher
April,Jennifer
April,Elizabeth
April,Barbara
April,Mary
April,Patricia
April,Linda
April,Susan
May,Richard
May,Joseph
May,Thomas
May,Michael
May,William
May,David
May,Charles
June,Susan
June,Jessica
June,Sarah
June,Mary
June,Patricia
June,Linda
June,Jennifer
July,Charles
July,Christopher
July,Daniel
July,Matthew
July,Anthony
July,Mark
July,James
August,Matthew
August,Anthony
August,Mark
August,Michael
August,William
August,David
August,Richard
September,Donald
September,Steven
September,Paul
September,Andrew
September,Joshua
September,Kenneth
September,Kevin
October,Andrew
October,Joshua
October,Kenneth
October,Donald
October,Steven
October,Paul
October,Edward
November,Kevin
November,Brian
November,George
November,Edward
November,Ronald
November,Timothy
November,Matthew
December,Edward
December,Ronald
December,Timothy
December,Kevin
December,Brian
December,George
December,Andrew
